{"similarity": 0.10830434113740921, "diversity": 0.14124379898472478, "sample_size": 5, "total": 0.124774070061067}