{
    "mean_ep_reward": 22.0,
    "mean_min_ep_loss": 0.4188191890716553,
    "min_min_ep_loss": 0.41697418689727783,
    "n_eval_eps": 2
}