{"similarity": 0.026627235114574432, "diversity": 0.0, "sample_size": 5, "total": 0.013313617557287216}