{"similarity": 0.022911479137837885, "diversity": 0.047755292360823945, "sample_size": 10, "total": 0.03533338574933091}