{"similarity": 0.0367664210498333, "diversity": 0.0, "sample_size": 5, "total": 0.01838321052491665}